{
    "#hash_63a26c87ea43b56": 0,
    "#hash_ac36c9085edf4e44": 1,
    "#hash_c80c83c17bfe111d": "%hash_6600b2f028e009bc",
    "#hash_b12be990051fd3a9": "AARContainer",
    "#hash_42c8633e0fc65a1a": 0,
    "#hash_6196913d9e86401": "%hash_5dec8192418c963c",
    "#hash_b04006164ab00096": 200,
    "#hash_f8c2703e1020ada0": 1,
    "#hash_823f0c8d60f39ed2": -1,
    "#hash_dde79f547f075d55": "ERROR",
    "#hash_4b38b4961d77fba": "blacklight_footsteps",
    "#hash_7dfb2f7ad76e0d5": "wzrankedloadouts",
    "#hash_17eab4ed5e7fe746": 1,
    "#hash_2cce0a195e679e0d": 1,
    "#hash_7a7b506c2ca10e79": 1,
    "#hash_dd7fbece86363b3f": 1,
    "#hash_5839631399b1f1e1": "factionmissiontable_wz2_dmz",
    "#hash_70368014fd747fb5": "%",
    "#hash_ec3f03346cf35d2c": 1,
    "#hash_ec6211346d19c3ae": 0.707107,
    "#hash_5aaafadfd068e0ec": 1,
    "#hash_9ad123c7349b02cf": 1,
    "#hash_386a08793af08e6c": "killstreak_list_jup_br",
    "#hash_25fd54c3e76497cc": "activePMCMissionsS2",
    "#hash_ae089731ca00d639": 10,
    "#hash_c39c31673620f3f9": 1,
    "#hash_caf3afd7249e133b": "#hash_c77eaa63c988e267",
    "#hash_e0fd3aaac88168f": 2,
    "#hash_d76cf33f34b8f097": 1,
    "#hash_1c8e094a23415ce5": "operator_list_mp_jup",
    "#hash_9fba02f6bbe6e6bd": 1.7,
    "#hash_f62091ccf1070de9": 1,
    "#hash_fc74eeaf7adc7a2d": 3000,
    "#hash_fc51d8af7ab60213": 0,
    "#hash_6fb7eb38693630a8": 1,
    "#hash_6fdae138695c6262": 1,
    "#hash_4824bdce69962966": 1,
    "#hash_6e7ccb29c75ffb69": 1,
    "#hash_b57f2005bd31acf9": 0.5,
    "#hash_fb4a0b136ccf25ad": 24,
    "#hash_525e0e01284b174e": 1,
    "#hash_c4809f80b4230099": "#kills",
    "#hash_9ddc180a1a5121d": "classtable_br_default",
    "#hash_9132b898f78c9d19": "NONE",
    "#hash_fd8ffad6b6d0f229": 1,
    "#hash_e840d2102b599fb8": "powerup_list_jup_br",
    "#hash_e712e92f64fc2a12": 1,
    "#hash_8a71d899988afc61": 2,
    "#hash_8a95ca9998b3584f": 1,
    "#hash_3f2010af8effc1a2": 2,
    "#hash_bbec79d419644f09": 1,
    "#hash_44d7a425b39e10cd": "genericsplashconfiguration_list_jup_mp",
    "#hash_47eeddee84690f2c": 1,
    "#hash_55b13c315ab289c8": "j_helmet_hide",
    "#hash_493548cc295e4ec7": 0.016666,
    "#hash_495936cc2986a1e9": 1,
    "#hash_9b237d489c99baa": "#hash_c0708994935ec365",
    "#hash_5f3a5f034fd11343": 1,
    "#hash_e0c0fa57ede348c7": 0,
    "#hash_886e90ee5e7f5e4c": 1,
    "#hash_88a07c40a0d3ad03": 0.7,
    "#hash_df6dc3555308e094": "%hash_4ed0dc42a95e9fa8",
    "#hash_e549d47c964a6cad": "jup_camos",
    "#hash_bb63ee833dfd6c00": 1,
    "#hash_713cf903b125c101": "wzprivateloadouts",
    "#hash_bb2b984538c33acb": "jup_br_operator_order",
    "#hash_af9528d3373117ad": 4000,
    "#hash_e6f6486a00ed3021": 0.3,
    "#hash_6c79a10719109641": "%hash_402b472f3f034852",
    "#hash_ed1a31c57fbeda69": "jup_mp_weaponslist",
    "#hash_b380ff7ba3f8ef4e": "execution_list_jup_br",
    "#hash_282ab9a6f49fda79": "jup_camo_category_list",
    "#hash_563d0f6368b6e3f3": -1,
    "#hash_63b618614d288401": "super_list_jup_br",
    "#hash_4def6c2024945408": "mp_cp/overlord_dmz.csv",
    "#hash_5281dc88b37eb1c4": 1,
    "#hash_d1f5f5e247536c9f": "%hash_6f64d04d619fcb84",
    "#hash_13e9f700aae9ed9c": 65535,
    "#hash_1e4bede006caecef": 200,
    "#hash_3d5c458ede7b8a36": "bot_loadout_list_jup_mp",
    "#hash_8add71343fe42e1e": "pet_list_jup",
    "#hash_fe1f9c5689686fd9": 1,
    "#hash_f33fa2fa5a4b6170": 1,
    "#hash_f3b7c60a3ac3b10c": 1,
    "#hash_f7d29cef55a5fb26": "splash_list_jup_mp",
    "#hash_51f431a804acd47": 1,
    "#hash_333eec57101fec1c": 0.75,
    "#hash_5f366b3fe39302d6": "perk_list_jup_br",
    "#hash_3544a127d0ebdcd7": 1,
    "#hash_dd1e63862e71154c": 5000,
    "#hash_ddaed03ebcc9ccf9": "mp/statstable_jup.csv",
    "#hash_d0583673782f85b": 1,
    "#hash_bd5d1f5a11586ed4": "equipment_list_jup_br",
    "#hash_349232c8e898b1b6": 1,
    "#hash_6452bbdfe7671a5d": "classtable_br_default",
    "#hash_e3c458f0c0c2b219": 1,
    "#hash_ee63dfad6005d40": 0.5,
    "#hash_de5861e0e94c5872": 0.33,
    "#hash_d93fecb4b6419b60": 1,
    "#hash_89a34c837cfe1417": 16,
    "#hash_7ee3e0dafe849487": 1,
    "#hash_35104c981da61b30": "battlechatter_list_wz2_br",
    "#hash_60b6f212711b8dca": "%hash_66f548bdaba85178",
    "#hash_6fbb2bf7d6670779": "%hash_238af8ad6713a44c",
    "#hash_52fa230e40aa1aef": 1,
    "#hash_bd2d7919f7e0cf64": 0.5,
    "#hash_3eb64286970fcb": "#hash_765ae87ca9df3f78",
    "#hash_d3455b7abe2d556b": 5000,
    "#hash_16cc822081a94e4f": 600
}